61.41.4.26;2017-08-22;06:33:24
61.41.4.26;2017-08-22;06:45:13
61.41.4.26;2017-08-22;06:57:36
91.197.232.109;2017-08-22;07:03:14
61.41.4.26;2017-08-22;07:09:54
61.41.4.26;2017-08-22;07:22:57
61.41.4.26;2017-08-22;07:34:47
61.41.4.26;2017-08-22;07:46:39
61.41.4.26;2017-08-22;07:58:55
61.41.4.26;2017-08-22;08:10:52
61.41.4.26;2017-08-22;08:22:44
61.41.4.26;2017-08-22;08:34:33
61.41.4.26;2017-08-22;08:46:44
61.41.4.26;2017-08-22;08:58:43
61.41.4.26;2017-08-22;09:10:45
61.41.4.26;2017-08-22;09:22:26
61.41.4.26;2017-08-22;09:34:24
61.41.4.26;2017-08-22;09:46:37
61.41.4.26;2017-08-22;09:59:33
61.41.4.26;2017-08-22;10:11:24
61.41.4.26;2017-08-22;10:23:16
103.89.88.102;2017-08-22;15:00:57
103.89.88.102;2017-08-23;00:45:33
103.89.88.102;2017-08-23;00:56:12
91.197.232.109;2017-08-23;04:07:52
91.197.232.107;2017-08-23;11:03:01
91.197.232.109;2017-08-23;11:41:29
103.89.88.102;2017-08-23;16:01:43
195.154.63.133;2017-08-23;20:26:55
91.197.232.109;2017-08-23;23:50:12
103.89.88.102;2017-08-24;02:44:35
195.154.63.133;2017-08-24;03:32:24
62.210.24.228;2017-08-24;10:57:14
103.89.88.102;2017-08-24;12:38:36
103.89.88.102;2017-08-24;21:20:16
91.197.232.109;2017-08-24;23:56:20
103.207.38.211;2017-08-25;01:19:37
193.201.224.214;2017-08-25;02:26:16
103.89.88.102;2017-08-25;03:27:00
91.197.232.109;2017-08-25;03:43:36
